DJ,File
grt,African Head Charge - Drumming is a Language-fDHrG7pmdVo.wav
grt,Toshi Ichiyanagi - Appearance-VQ4TmijOPV8.wav
grt,Wolf Dub-ZN3FP7AwLnA.wav
hhzz,LOFT_-_F_E_E_L_I_N_G___T_H_I_S.wav
hhzz,maral_-_in_this_place.wav
hhzz,NKISI_-_Destruction_Of_Power.mp3
hhzz,Planet_Mu_Records_-_Rian_Treanor_-_ATAXIA_D1,_Taken_from_ATAXIA_out_15th_March.mp3
jhud,01-ffwd3_DVD_06_tt.mp3
jhud,240-240-240.mp3
jhud,ge-stell_003_b1_m.mp3
opt,1997_1_sargotage_2_mix.mp3
opt,dprmkr_flowers_r1_range3_2019-01-17.mp3
opt,epy_sess-20170221-QU-MT004.mp3
opt,Kelis-Bossy.ogg
opt,RZA-You-Cant-Stop-Me-Now-recoded.wav
opt,tsx_recur_4_trk012_r1.wav
zzkt,goat - NEW GAMES @『Rhythm＆Sound』 release live-6dBv6mSn1T4.wav
zzkt,Meitei  - Touba _ 塔婆 (Official Audio)-os4RzuZxYNA.m4a
